﻿[
  {
    "id": 0,
    "﻿Serial": "METER000001",
    "company": "Qualcore",
    "email": "vernon.dunham@qualcore.com"
  },
  {
    "id": 1,
    "﻿Serial": "METER000001",
    "company": "17/04/2020 15:00",
    "email": "dori.neal@sunopia.com"
  },
  {
    "id": 2,
    "﻿Serial": "METER000001",
    "company": "Airconix",
    "email": "rico.muldoon@airconix.com"
  },
  {
    "id": 3,
    "﻿Serial": "METER000001",
    "company": "17/04/2020 15:00",
    "email": "jason.neal@qualcore.com"
  },
  {
    "id": 4,
    "﻿Serial": "METER000001",
    "company": "Thermolock",
    "email": "rico.pettey@thermolock.com"
  },
  {
    "id": 5,
    "﻿Serial": "METER000002",
    "company": "Airconix",
    "email": "raymond.seabury@airconix.com"
  },
  {
    "id": 6,
    "﻿Serial": "METER000002",
    "company": "Hivemind",
    "email": "dori.pettey@hivemind.com"
  },
  {
    "id": 7,
    "﻿Serial": "METER000002",
    "company": "Qualcore",
    "email": "vernon.neal@qualcore.com"
  },
  {
    "id": 8,
    "﻿Serial": "METER000002",
    "company": "Qualcore",
    "email": "jason.neal@qualcore.com"
  },
  {
    "id": 9,
    "﻿Serial": "METER000002",
    "company": "Airconix",
    "email": "vernon.muldoon@airconix.com"
  },
  {
    "id": 10,
    "﻿Serial": "METER000002",
    "company": "Hivemind",
    "email": "vernon.seabury@hivemind.com"
  },
  {
    "id": 11,
    "﻿Serial": "METER000002",
    "company": "Airconix",
    "email": "dori.neal@airconix.com"
  },
  {
    "id": 12,
    "﻿Serial": "METER000002",
    "company": "Airconix",
    "email": "raymond.pettey@airconix.com"
  },
  {
    "id": 13,
    "﻿Serial": "METER000002",
    "company": "Qualcore",
    "email": "rico.muldoon@qualcore.com"
  },
  {
    "id": 14,
    "﻿Serial": "METER000002",
    "company": "Sunopia",
    "email": "vernon.seabury@sunopia.com"
  },
  {
    "id": 15,
    "﻿Serial": "METER000002",
    "company": "Airconix",
    "email": "rico.pettey@airconix.com"
  },
  {
    "id": 16,
    "﻿Serial": "METER000002",
    "company": "Sunopia",
    "email": "jason.dunham@sunopia.com"
  },
  {
    "id": 17,
    "﻿Serial": "METER000002",
    "company": "Qualcore",
    "email": "vernon.neal@qualcore.com"
  },
  {
    "id": 18,
    "﻿Serial": "METER000002",
    "company": "Thermolock",
    "email": "jason.pettey@thermolock.com"
  },
  {
    "id": 19,
    "﻿Serial": "METER000002",
    "company": "Thermolock",
    "email": "vernon.dunham@thermolock.com"
  }
]